Index,City,Country,Max Temp,Current Description,Lat,Lng,Hotel Name
1,Bartica,GY,89.92,broken clouds,6.4,-58.6167,Sloth Island Nature Resort
2,Bilma,NE,76.03,clear sky,18.6853,12.9164,Expeditions T√©n√©re voyages
4,Key West,US,91.4,few clouds,24.5557,-81.7826,Fairfield Inn & Suites by Marriott Key West
8,Cayenne,GF,84.24,clear sky,4.9333,-52.3333,H√¥tel Le Dronmi
10,Sakakah,SA,74.77,overcast clouds,29.9697,40.2064,Fakhamat Al Orjoana Apartment
14,Tucurui,BR,93.74,overcast clouds,-3.7661,-49.6725,BBB Rooms Centro Tucurui PA
17,Ponta Do Sol,PT,72.01,clear sky,32.6667,-17.1,Hotel do Campo
18,Mahebourg,MU,74.25,broken clouds,-20.4081,57.7,Shandrani Beachcomber Resort & Spa
27,San Antero,CO,83.84,broken clouds,9.3741,-75.7589,Villamarina Inn chale
28,Carballo,ES,67.69,overcast clouds,43.213,-8.691,Pazo do Souto
30,Bhinmal,IN,77.9,clear sky,25.0,72.25,Jambheswar Bhavan(Gopi Khilery)
34,Demba,CD,68.36,overcast clouds,-5.51,22.2667,Guest House Du Cinquantenaire
42,Anastacio,BR,91.65,broken clouds,-20.4836,-55.8069,HOTEL ARARAS
46,Mbandaka,CD,70.97,overcast clouds,0.0487,18.2603,Guest House Epervier
47,Kambove,CD,73.58,broken clouds,-10.8764,26.5969,Pat. Mukendi
48,Salalah,OM,77.09,clear sky,17.0151,54.0924,"HAMDAN PLAZA HOTEL SALALAH, an HTG Hotel"
49,Moroto,UG,70.39,scattered clouds,2.5345,34.6666,"Kara-Tunga, Karamoja Safari Camp"
53,Cap Malheureux,MU,74.46,broken clouds,-19.9842,57.6142,Pereybere Hotel & Spa
55,Bandarbeyla,SO,79.16,light rain,9.4942,50.8122,JABIR HOTEL
57,Hit,IQ,72.97,clear sky,33.6416,42.8251,ÿßŸÑŸÖÿπŸÑŸÇ ÿ≠ÿ≥ÿßŸÜ ÿ±ÿ≤ÿßŸÇ
60,Bengkulu,ID,73.49,overcast clouds,-3.8004,102.2655,Grage Hotel Bengkulu
63,Bambous Virieux,MU,74.21,light rain,-20.3428,57.7575,Casa Tia Villa
65,Nchelenge,ZM,74.89,scattered clouds,-9.3451,28.734,KD Travellers Home
66,Danielskuil,ZA,72.88,broken clouds,-28.1887,23.5395,Botha'Sig Gastehuis
67,Royan,FR,68.85,overcast clouds,45.6285,-1.0281,CERISE Royan - Le Grand H√¥tel de la Plage
69,Umm Lajj,SA,79.92,clear sky,25.0213,37.2685,Moon light Furnished Units
70,Massaguet,TD,86.16,overcast clouds,12.4755,15.4365,Alwatane
71,Inhambane,MZ,72.77,light rain,-23.865,35.3833,Oceano
72,Paragominas,BR,93.72,overcast clouds,-2.9667,-47.4833,INOVA
75,Souillac,MU,71.98,scattered clouds,-20.5167,57.5167,Shanti Maurice Resort & Spa
77,Kourou,GF,84.25,few clouds,5.1552,-52.6478,Lodge TAKINI4 Guesthouse KOUROU FGU
79,Mecca,SA,81.34,clear sky,21.4267,39.8261,"Makkah Clock Royal Tower, A Fairmont Hotel"
82,Villa Del Rosario,CO,80.98,scattered clouds,7.8339,-72.4742,Hotel Villas de San Diego
84,Ankazoabo,MG,74.14,broken clouds,-22.2833,44.5167,ENCEIN BUREAU CISCO
86,Cape Town,ZA,67.26,overcast clouds,-33.9258,18.4232,"Radisson Blu Hotel Waterfront, Cape Town"
87,Soyo,AO,78.37,overcast clouds,-6.1349,12.3689,Hospedaria ndozi'ame
90,Carutapera,BR,82.45,overcast clouds,-1.195,-46.02,Lidera
91,Buraydah,SA,73.85,clear sky,26.326,43.975,M√∂venpick Qassim
92,Manono,CD,71.55,overcast clouds,-7.3,27.4167,Hotel hewa bora
93,Victoria,HK,76.32,clear sky,22.2855,114.1577,Mini Central
94,Ormond Beach,US,80.1,moderate rain,29.2858,-81.0559,Makai Beach Lodge
96,Vila Velha,BR,78.94,few clouds,-20.3297,-40.2925,Hotel Vit√≥ria Palace
97,Kapoeta,SS,84.61,few clouds,4.7717,33.5903,Lokoges PHCC
100,Porto Novo,BJ,82.22,overcast clouds,6.4965,2.6036,Tour Eiffel Hotel Benin
101,Belmonte,BR,78.44,few clouds,-15.8631,-38.8828,Pousada Monte Carmelo O P√£o
102,Camacha,PT,69.22,few clouds,33.0833,-16.3333,Hotel Porto Santo & Spa
103,Kandi,BJ,77.99,few clouds,11.1342,2.9386,H√©bergement de la Poste
104,Pesaro,IT,65.88,few clouds,43.9036,12.8903,Savoy
106,Altamira,BR,89.69,scattered clouds,-3.2033,-52.2064,Requinte Hotel
109,Acari,PE,75.56,clear sky,-15.4311,-74.6158,HOSPEDAJE XIMENA
111,Ormara,PK,78.49,scattered clouds,25.2088,64.6357,Kenara Colony House for Rent
113,Uruguaiana,BR,85.93,clear sky,-29.7547,-57.0883,Fares Turis Hotel
115,Axim,GH,78.26,scattered clouds,4.8699,-2.2405,Axim Beach Resort And Spa
116,Senador Jose Porfirio,BR,93.42,overcast clouds,-2.5908,-51.9542,Pousada Novo Horizonte
119,Georgetown,MY,79.23,few clouds,5.4112,100.3354,Cititel Penang
121,Komatipoort,ZA,70.05,broken clouds,-25.4332,31.9548,Kruger View Backpackers
122,Bolobo,CD,69.53,overcast clouds,-2.1667,16.2333,Hotel de Stephen
123,Coruripe,BR,78.22,overcast clouds,-10.1256,-36.1756,Pousada e Hotel Litoral Sul
124,Cidreira,BR,71.82,clear sky,-30.1811,-50.2056,Hotel Castelo
125,Lethem,GY,89.56,broken clouds,3.3803,-59.7968,Savannah Inn
126,Sinnamary,GF,83.17,few clouds,5.3833,-52.95,ALETHEIA Appartement Sinnamary
127,Castro,BR,77.18,broken clouds,-24.7911,-50.0119,CHACARA BAILLY
131,Arlit,NE,79.45,clear sky,18.7369,7.3853,Case de Passage De la Prefecture
134,Neuquen,AR,75.09,light rain,-38.9516,-68.0591,Hotel del Comahue
137,Arica,CL,71.15,clear sky,-18.475,-70.3042,Americano
138,Caravelas,BR,78.4,broken clouds,-17.7125,-39.2481,Pousada dos Navegantes
142,Saint-Joseph,RE,68.38,few clouds,-21.3667,55.6167,"""Plantation Bed and Breakfast"
144,Manyoni,TZ,73.38,scattered clouds,-5.7467,34.8382,bm lodge bm lodge
145,Upata,VE,87.19,overcast clouds,8.0086,-62.3989,Posada Villa Nela
146,Namibe,AO,69.75,broken clouds,-15.1961,12.1522,Hotel Chik Chik Namibe
148,Camopi,GF,84.34,overcast clouds,3.1655,-52.3158,La pousada
151,Jos,NG,67.28,broken clouds,9.9167,8.9,Silk Suites
156,Mitsamiouli,KM,76.33,clear sky,-11.3847,43.2844,Foyer ADM
157,Arraial Do Cabo,BR,80.56,light rain,-22.9661,-42.0278,Pousada Porto Praia
158,Navalmoral De La Mata,ES,70.95,overcast clouds,39.8916,-5.5406,Hotel Moya S A
160,Correntina,BR,90.39,overcast clouds,-13.3433,-44.6367,Hotel Pousada dos Sonhos
161,Saint-Philippe,RE,69.39,few clouds,-21.3585,55.7679,Le four √† pain
165,Moyale,KE,67.89,overcast clouds,3.5167,39.0584,La Tahzan Guest House
167,Minab,IR,79.12,overcast clouds,27.1467,57.0801,Bam campground
170,Aswan,EG,78.35,clear sky,24.0934,32.907,Nuba Nile
174,San Cristobal,VE,75.38,broken clouds,7.7669,-72.225,Pirineos
177,Dingle,PH,75.85,moderate rain,10.9995,122.6711,SEGAYA PROPERTY
179,Santa Cruz,BO,87.85,broken clouds,-17.8,-63.1667,Aviador Hotel Boutique
180,Port Shepstone,ZA,66.31,overcast clouds,-30.7414,30.455,My Den Beachfront Bed and Breakfast | Self-Catering
181,Marsh Harbour,BS,79.97,clear sky,26.5412,-77.0636,Abaco Beach Resort
183,Angoche,MZ,76.6,clear sky,-16.2325,39.9086,Guest House HESADA
184,Mbanza-Ngungu,CD,69.24,overcast clouds,-5.25,14.8667,Hotel Full Business
185,Kassala,SD,87.89,few clouds,15.451,36.4,Amassi Hotel Gash
186,Zurrieq,MT,68.97,clear sky,35.8311,14.4742,Ta'Bertu Guest House
188,Touros,BR,79.68,broken clouds,-5.1989,-35.4608,INN NEW HORIZON
192,Maldonado,UY,76.39,overcast clouds,-34.6667,-54.9167,La Cimarrona
193,Ituporanga,BR,81.59,clear sky,-27.4144,-49.6025,Hotel Jacar√©
196,Rocha,UY,78.8,scattered clouds,-34.4833,-54.3333,Hotel Arrarte
197,Sambava,MG,70.34,few clouds,-14.2667,50.1667,Melrose
200,Hithadhoo,MV,81.82,overcast clouds,-0.6,73.0833,Scoop Guest House
202,Alta Floresta,BR,89.42,scattered clouds,-9.8756,-56.0861,Floresta Amazonica Hotel
203,Vikravandi,IN,73.98,overcast clouds,12.0333,79.55,Priya Residency
205,Imbituba,BR,72.82,clear sky,-28.24,-48.6703,Praia Hotel Imbituba
206,Grand Gaube,MU,74.37,broken clouds,-20.0064,57.6608,Veranda Paul et Virginie Hotel & Spa
208,Najran,SA,65.05,clear sky,17.4924,44.1277,ŸÖÿ≠ŸÖÿØ ŸáÿßÿØŸä ÿßŸÑ ŸÅÿ∑Ÿäÿ≠
211,Guarapari,BR,78.89,clear sky,-20.6667,-40.4975,Hotel Porto do Sol
212,Xai-Xai,MZ,71.6,light rain,-25.0519,33.6442,Complexo da Familia
213,Khuzdar,PK,67.51,overcast clouds,27.7384,66.6434,jhalwan Rent A Car Compny Moola Chotok
215,La Labor,HN,85.62,clear sky,14.4833,-89.0,Hotel Colonial & Comida Buffet
217,Turayf,SA,66.45,clear sky,31.6725,38.6637,Turaif
218,Hamilton,US,69.64,clear sky,39.1834,-84.5333,Six Acres Bed & Breakfast
220,Icatu,BR,88.23,light rain,-2.7758,-44.0658,Hotel Guaxenduba
223,Jesup,US,79.34,clear sky,31.6074,-81.8854,Western Motel
226,Kalemie,CD,74.98,broken clouds,-5.9475,29.1947,Mahobilali
227,Sur,OM,78.64,clear sky,22.5667,59.5289,Sur Plaza Hotel
232,San Rafael,AR,86.07,overcast clouds,-34.6177,-68.3301,Hotel San Rafael
233,Harper,LR,77.68,light rain,4.375,-7.7169,Screensaver
234,Adamas,GR,66.33,few clouds,36.7333,24.4333,Aphrodite of Milos
236,Ambilobe,MG,71.82,scattered clouds,-13.2,49.05,H√¥tel & Restaurant DIANA Ambilobe
237,Porto Real Do Colegio,BR,79.77,overcast clouds,-10.1858,-36.84,Pousada e Restaurante Manah
240,Wanparti,IN,69.31,few clouds,16.3667,78.0667,Vasanth
241,Pedreira,BR,75.87,broken clouds,-22.7419,-46.9014,Residence Park Hotel
245,Piacabucu,BR,78.19,overcast clouds,-10.4056,-36.4344,Pia√ßabu√ßu News
246,Maragogi,BR,78.37,scattered clouds,-9.0122,-35.2225,Salinas do Maragogi All Inclusive Resort
247,Itamaraca,BR,80.65,broken clouds,-7.7478,-34.8256,Special K's Bed & Breakfast
248,Ouesso,CG,70.27,overcast clouds,1.6136,16.0517,ABENIE Hotel
252,Tias,ES,74.88,clear sky,28.9611,-13.645,Hotel Beatriz Playa & SPA
253,Bonthe,SL,78.94,overcast clouds,7.5264,-12.505,Bonthe Holiday Village
255,Rochefort,FR,68.92,overcast clouds,45.9167,-1.0,H√¥tel de France
257,Sao Joao Da Barra,BR,80.69,broken clouds,-21.6403,-41.0511,Pousada Porto De Canoas
260,Fort Wellington,GY,83.43,overcast clouds,6.4,-57.6,TE'AMO Entertainment Park
261,The Valley,AI,84.09,broken clouds,18.217,-63.0578,CeBlue Villas & Beach Resort
264,Aquin,HT,84.63,clear sky,18.2833,-73.4,Asheev Beach
265,Maputo,MZ,69.76,broken clouds,-25.9653,32.5892,Pestana Rovuma
266,Saint-Georges,GD,82.08,broken clouds,12.0564,-61.7485,Radisson Grenada Beach Resort
268,Laguna,US,75.02,clear sky,38.421,-121.4238,"Holiday Inn Express & Suites Elk Grove Central - Hwy 99, an IHG Hotel"
269,Pascagoula,US,79.52,broken clouds,30.3658,-88.5561,Regency Inn
270,Saint-Pierre,RE,72.91,clear sky,-21.3393,55.4781,Alize Plage
271,Boa Vista,BR,93.18,scattered clouds,2.8197,-60.6733,Aipana Plaza Hotel
273,Hualmay,PE,67.12,clear sky,-11.0964,-77.6139,Hotel Villa Kitzia Huacho
278,Ajdabiya,LY,71.01,clear sky,30.7554,20.2263,Almadina Hotel
279,Numan,NG,82.65,overcast clouds,9.4667,12.0333,Zangun Motel
285,Luanda,AO,77.0,scattered clouds,-8.8368,13.2343,EPIC SANA Luanda
286,Iracoubo,GF,82.56,few clouds,5.4802,-53.2011,Le G√Æte d‚ÄôIracoubo
289,Sawakin,SD,84.67,scattered clouds,19.1059,37.3321,ŸÅŸÜÿØŸÇ ÿßŸÑÿØŸàŸäŸÖ
291,Sao Filipe,CV,80.96,broken clouds,14.8961,-24.4956,Hotel Xaguate
292,Tabora,TZ,78.49,overcast clouds,-5.0167,32.8,Barcelona Lodge
295,Kavaratti,IN,81.43,broken clouds,10.5669,72.642,Green leaf
297,Baracoa,CU,82.8,clear sky,20.3467,-74.4958,Hostal Rio Miel
299,Atenas De San Cristobal,HN,87.66,scattered clouds,15.6833,-87.3167,Hotelito Posada del Valle
300,Mahibadhoo,MV,80.1,overcast clouds,3.7833,72.9667,Omadhoo Inn
301,Caapucu,PY,82.69,overcast clouds,-26.2167,-57.2,Porton Estancia Santa Clara
303,Effingham,US,77.45,clear sky,32.3669,-81.3332,Countryside Village
304,Karpathos,GR,67.96,clear sky,35.507,27.2132,Alex
306,Chuy,UY,77.52,clear sky,-33.6971,-53.4616,Nuevo Hotel Plaza
307,Marrakesh,MA,80.67,clear sky,31.6315,-8.0083,Les Jardins de La Koutoubia
308,Salinas,US,72.0,clear sky,36.6777,-121.6555,Laurel Inn & Conference Center
309,Aljezur,PT,66.83,overcast clouds,37.3191,-8.8033,Amazigh Hostel
310,Tabatinga,BR,86.09,very heavy rain,-4.2525,-69.9381,Hotel Amazon Bed and Breakfast / Hotel Amazon B&B
312,Kovur,IN,76.95,broken clouds,14.4833,79.9833,Hotel Yesh Park
313,Songea,TZ,66.04,clear sky,-10.6833,35.65,mtakuja
314,San Vicente,AR,84.24,clear sky,-26.6167,-54.1333,Complejo Tur√≠stico Farelluk
317,Saint George,US,66.43,clear sky,37.1041,-113.5841,Best Western Plus Abbey Inn
318,Tucuman,AR,95.0,clear sky,-26.8241,-65.2226,Hotel Premier
321,Muana,BR,93.22,broken clouds,-1.5283,-49.2167,Pousada Bella do Maraj√≥
325,Teguise,ES,73.62,clear sky,29.0605,-13.564,B&B La Casona de Nazaret
330,Banda Aceh,ID,78.58,overcast clouds,5.5577,95.3222,OYO 884 Rumoh PMI Hotel
331,Koundara,GN,82.65,overcast clouds,12.4833,-13.3,Residance B....
332,Dalbandin,PK,70.23,scattered clouds,28.8947,64.4101,Sanjrani House
335,San Pedro,PH,76.23,moderate rain,14.35,121.0167,Palines Apartment and Guesthouse
337,Abu Dhabi,AE,80.96,clear sky,24.4667,54.3667,Beach Rotana
340,Marzuq,YE,65.75,clear sky,14.4,46.4667,ÿ≠ŸäÿØ ÿßŸÑŸÇŸÅŸÑÿ©
342,Mandra,GR,66.04,few clouds,38.0667,23.5,Elefsina Hotel
343,Wad Rawah,SD,90.09,clear sky,15.1603,33.1397,ÿ≠Ÿàÿ¥ ÿ¨ŸÑŸä ŸàÿØÿ±ÿßŸàÿ©
344,Aras,ES,66.61,clear sky,42.5617,-2.356,Jardines de Viana Spa
346,Weligama,LK,75.74,few clouds,5.9667,80.4167,Weligama Bay Resort
347,Salinopolis,BR,82.65,overcast clouds,-0.6136,-47.3561,Salinas Park Resort Ma√ßarico AP101
348,Riberalta,BO,79.0,overcast clouds,-10.9833,-66.1,Hotel Colonial
354,Nova Granada,BR,84.45,overcast clouds,-20.5339,-49.3142,Granada Hotel - Nova Granada
358,Beira,MZ,77.59,scattered clouds,-19.8436,34.8389,Beira Terrace Hotel
360,Viedma,AR,71.46,overcast clouds,-40.8135,-62.9967,Hotel Cristal
363,Richards Bay,ZA,68.94,overcast clouds,-28.783,32.0377,BON Hotel Waterfront Richards Bay
367,Sao Joaquim,BR,68.86,clear sky,-28.2939,-49.9317,Pousada Alternativa Cravo e Canela
369,Muscat,OM,77.02,clear sky,23.6139,58.5922,Mutrah Hotel
370,Buchanan,LR,77.68,moderate rain,5.8808,-10.0467,Kamaneahn Hotel Inc
372,Anloga,GH,81.01,light rain,5.7947,0.8973,Pin Drop Hotel
373,Natal,BR,81.25,scattered clouds,-5.795,-35.2094,Villa Park Hotel | Natal
374,Talara,PE,70.56,clear sky,-4.5772,-81.2719,Hostal Oro Negro
375,Cockburn Town,TC,82.36,scattered clouds,21.4612,-71.1419,Osprey Beach Hotel
376,Mulanje,MW,78.78,scattered clouds,-16.0316,35.5,Mulanje Motel
381,Aguimes,ES,72.23,clear sky,27.9054,-15.4461,Hotel Villa de Aguimes
382,Papagaios,BR,91.42,scattered clouds,-19.4492,-44.7478,Hotel Mac Palace
384,Tabou,CI,77.38,light rain,4.423,-7.3528,hot√™l doufoulougou
385,Taperoa,BR,88.45,clear sky,-7.2075,-36.8267,Hotel Casar√£o Antigo
386,Presidencia Roque Saenz Pena,AR,86.49,broken clouds,-26.7852,-60.4388,Hotel Gualok
389,Passo De Camaragibe,BR,80.15,scattered clouds,-9.2368,-35.4901,Racho do Z√©
394,Chor,PK,78.49,broken clouds,25.5167,69.7667,Asad U Bajeer Hotel
397,Lighthouse Point,US,87.03,few clouds,26.2756,-80.0873,Residence Inn by Marriott Fort Lauderdale Pompano Beach/Oceanfront
399,Gambela,ET,74.61,overcast clouds,8.25,34.5833,Solomon Debebe Hotel
402,Puerto Leguizamo,CO,81.55,heavy intensity rain,-0.1934,-74.7819,la casona de juancho
403,Marsa Matruh,EG,71.8,few clouds,31.3525,27.2453,Beau Site
405,Guaruja,BR,78.84,broken clouds,-23.9931,-46.2564,Charme Hotel Guaruj√°
406,Lubao,PH,78.51,very heavy rain,14.9167,120.55,Hacienda Gracia
407,Paita,PE,69.15,scattered clouds,-5.0892,-81.1144,Hotel N√°utico de Paita
408,Road Town,VG,86.09,scattered clouds,18.4167,-64.6167,"ZINGARA 76ft Catamaran, full crew-all included"
412,Rawah,IQ,70.72,clear sky,34.4816,41.9093,ÿπŸÖÿ±
413,Jalu,LY,70.52,clear sky,29.0331,21.5482,ÿµÿßÿ≠ÿ®ÿ© ÿßŸÑŸÅÿÆÿßŸÖÿ©
415,Beberibe,BR,80.26,overcast clouds,-4.1797,-38.1306,Villa Arte Pousada Morro Branco
417,Nicoya,CR,84.34,few clouds,10.1483,-85.452,Las Cabinas Del Sue√±o
419,Surt,LY,73.0,few clouds,31.2089,16.5887,ŸÅŸÜÿØŸÇ ÿßŸÑŸÖÿØŸäŸÜÿ©
421,Constantine,DZ,67.41,clear sky,36.365,6.6147,Grand Hotel Cirta
422,Alegrete,BR,82.58,clear sky,-29.7831,-55.7919,Hotel Alegrete
423,Oranjestad,AW,85.95,scattered clouds,12.524,-70.027,Divi Village Golf & Beach Resort
424,Camana,PE,65.55,few clouds,-16.6228,-72.7111,Hostal Morales
429,Bom Jesus,BR,84.99,overcast clouds,-9.0744,-44.3586,Hotel Bras√£o & Floricultura Bella Flor
430,Tonj,SS,77.23,overcast clouds,7.2737,28.6822,Lakan Hotel
431,Mabaruma,GY,79.11,overcast clouds,8.2,-59.7833,Monty Brooms Guest House
434,Cambui,BR,76.64,broken clouds,-22.6122,-46.0575,Hotel Z√© Maria - Cambu√≠
436,Kilindoni,TZ,76.91,overcast clouds,-7.9139,39.6668,Bustani B&B
437,Lodwar,KE,82.42,few clouds,3.1191,35.5973,Solmar Gracious Hotel
438,Sabha,LY,69.21,clear sky,27.0377,14.4283,ŸÖÿ≠ÿ∑ÿ© ÿßŸÖ ÿßŸÑÿßÿ±ÿßŸÜÿ® -ÿ≥ÿ®Ÿáÿß ŸÖŸàÿßÿµŸÑÿßÿ™
439,Cerro Largo,BR,85.19,clear sky,-28.1486,-54.7381,Hotel Miss√µes
440,Itarema,BR,80.73,broken clouds,-2.9248,-39.9167,"Sea Lounge! Bar, Club & Restaurant"
441,Lima,PE,66.9,overcast clouds,-12.0432,-77.0282,Hotel Kamana
442,Arona,ES,73.9,clear sky,28.0996,-16.681,Paradise Court
443,Barbosa Ferraz,BR,82.6,overcast clouds,-24.03,-52.0117,Edicula Sanches
448,Nacala,MZ,74.44,clear sky,-14.5428,40.6728,Nacala Plaza Business Design Hotel
449,Mana,GF,82.8,few clouds,5.6592,-53.7767,LE SAMANA
453,Male,MV,80.55,broken clouds,4.1748,73.5089,Hotel Octave Maldives
455,Nouadhibou,MR,75.18,clear sky,20.931,-17.0347,El Medina
456,Coyah,GN,80.44,light rain,9.75,-13.4167,Motel Canal+
457,Eyl,SO,79.09,few clouds,7.9803,49.8164,EYL AQUE SYSTEM
460,Acarau,BR,81.25,broken clouds,-2.8856,-40.12,castelo pizzaria
461,Bud,US,66.15,clear sky,39.447,-86.1758,Ted McQuinn Trust
467,Uniao,BR,90.99,overcast clouds,-4.5858,-42.8642,Pousada Uni√£o
469,Quelimane,MZ,76.73,broken clouds,-17.8786,36.8883,Hotel Flamingo
470,Ampanihy,MG,69.87,overcast clouds,-24.7,44.75,HOTEL SHARRON AMPANIHY OUEST
471,Mananjary,MG,74.05,overcast clouds,-21.2167,48.3333,Vahiny Lodge
473,Luau,AO,69.13,overcast clouds,-10.7073,22.2247,Kimbo Hotel
477,Gabu,GW,81.63,overcast clouds,12.2833,-14.2167,Hotel karsa
479,Evansville,US,71.19,clear sky,37.9748,-87.5558,Le Merigot Hotel
481,Grand-Santi,GF,82.72,scattered clouds,4.25,-54.3833,Hotel La Villa Couacou
482,Voi,KE,69.55,scattered clouds,-3.3945,38.563,Voi Wildlife Lodge
483,Kikwit,CD,70.52,overcast clouds,-5.041,18.8162,HOTEL PLACE YALABA
484,Valparaiso,CL,71.83,clear sky,-33.0393,-71.6273,Hotel Ultramar
486,Guhagar,IN,70.92,clear sky,17.4842,73.1929,Seawinds Hotel Guhagar
489,Isabela,PH,77.79,overcast clouds,6.7085,121.9711,Isawad Resort
490,Francistown,BW,70.97,clear sky,-21.17,27.5079,Budget House
491,Boali,CF,74.84,overcast clouds,4.8005,18.1275,Auberge des Cocotiers Boali poste
492,Bardiyah,LY,69.3,clear sky,31.7561,25.0865,ÿ®Ÿàÿ±ÿ™Ÿà ÿ®ÿ±ÿØŸäÿ©
493,Port-Gentil,GA,75.16,thunderstorm with light rain,-0.7193,8.7815,Fengshui Residence
494,Garissa,KE,78.48,clear sky,-0.4536,39.6401,Sharif Plaza Hotel
495,Impfondo,CG,70.34,overcast clouds,1.6381,18.0667,Auberge La Place de Jules
496,Choma,ZM,71.46,scattered clouds,-16.8065,26.9531,Kamuboola Lodge
498,Quatre Cocos,MU,74.08,light rain,-20.2078,57.7625,Sunrise Attitude Hotel
500,Santiago,CL,80.55,broken clouds,-33.4569,-70.6483,Hotel Panamericano
501,Savannah Bight,HN,82.45,few clouds,16.45,-85.85,Villa on Dunbar Rock
504,Jorochito,BO,86.32,scattered clouds,-18.05,-63.4333,Tom¬¥s Hauss
509,Anzio,IT,71.01,clear sky,41.4853,12.6179,Hotel Lido Garda
510,Reconquista,AR,88.56,clear sky,-29.15,-59.65,Grand Hotel
511,Moura,PT,66.31,overcast clouds,38.1401,-7.4486,Hotel de Moura
513,Kralendijk,BQ,82.38,clear sky,12.15,-68.2667,Divi Flamingo Beach Resort & Casino
514,San Ignacio,BZ,93.34,scattered clouds,17.1561,-89.0714,Rainforest Haven Inn
516,Keti Bandar,PK,78.76,few clouds,24.1447,67.4497,Haji laloo memon house
519,Farafangana,MG,72.23,broken clouds,-22.8167,47.8333,Miarina
520,Pitimbu,BR,81.19,broken clouds,-7.4706,-34.8086,Reserva do Abia√≠
523,Mahuva,IN,79.56,clear sky,21.0914,71.7622,Hotel Blue Diamond.
527,Saint Andrews,US,73.49,scattered clouds,34.0454,-81.1293,Baymont by Wyndham Columbia Northwest
529,Santa Vitoria Do Palmar,BR,72.64,clear sky,-33.5189,-53.3681,Hostel Comodoro
534,Afogados Da Ingazeira,BR,87.01,scattered clouds,-7.7508,-37.6392,Hotel Brotas
538,Porto De Moz,BR,88.66,overcast clouds,-1.7483,-52.2383,Dormit√≥rio labelle
539,Pathanamthitta,IN,77.74,broken clouds,9.2667,76.7833,Rose Petals
540,Lapa,BR,67.21,scattered clouds,-25.7697,-49.7158,Pousada Solar da Lapa
543,Redan,US,70.38,overcast clouds,33.7454,-84.1316,Quick & Clean Pressure Washing and Resurfacing
544,Nova Olimpia,BR,90.03,overcast clouds,-14.7972,-57.2881,Motel glamour
545,San Juan,AR,94.24,clear sky,-31.5375,-68.5364,Hotel Provincial
547,Honavar,IN,78.85,overcast clouds,14.2833,74.45,Hotel Sagar Residency
548,Itigi,TZ,73.0,scattered clouds,-5.7,34.4833,SAAMBILI PUB üçª & LODGE
549,Padang,ID,76.19,light rain,-0.9492,100.3543,Mercure Padang
550,Savelugu,GH,81.9,broken clouds,9.6244,-0.8253,Yoo Naa's Palace
551,Bull Savanna,JM,80.94,scattered clouds,17.8868,-77.5902,Big Red's
552,Zwedru,LR,73.04,broken clouds,6.0667,-8.1281,Elijah Worjloh
554,Praia,CV,82.94,clear sky,14.9215,-23.5087,LT Aparthotel
557,Port Blair,IN,80.76,broken clouds,11.6667,92.75,"Welcomhotel By ITC Hotels, Bay Island, Port Blair"
559,Zanzibar,TZ,72.99,broken clouds,-6.1639,39.1979,Tembo House Hotel
560,West Bay,KY,87.87,scattered clouds,19.3667,-81.4167,Calypso Cove
564,Kudahuvadhoo,MV,80.67,moderate rain,2.6708,72.8944,Niyama Private Islands Maldives
566,Mineiros,BR,85.91,broken clouds,-17.5694,-52.5511,Pil√µes Palace Hotel
568,Khorramshahr,IR,78.76,mist,30.4397,48.1664,ÿØŸÅÿ™ÿ± ŸÜŸÖÿß€åŸÜÿØ⁄Ø€å ÿ¥ÿ±⁄©ÿ™ ÿ®ÿßÿ≤ÿßÿ±€åÿßÿ®ÿßŸÜ ÿß€åÿ±ÿßŸÜ€åÿßŸÜ ÿ≤ŸÖ€åŸÜBIZ
575,Le Port,RE,73.36,few clouds,-20.9373,55.2919,KORBEY D'OR OUEST
577,Iralaya,HN,83.61,light rain,15.0,-83.2333,Iglesia morava renovada
579,Huarmey,PE,66.65,clear sky,-10.0681,-78.1522,Hotel Miramar
581,Botad,IN,78.24,clear sky,22.1667,71.6667,Yogi Guest House
584,Riyadh,SA,73.54,broken clouds,24.6877,46.7219,"InterContinental Riyadh, an IHG Hotel"
585,Tema,GH,82.81,broken clouds,5.667,-0.0166,Beulah Royale Hotel Tema
586,Sechura,PE,72.73,broken clouds,-5.5569,-80.8222,Hospedaje Costa Bella
588,Hargeysa,SO,66.27,clear sky,9.56,44.065,City Center Hotel
590,Taveta,KE,68.54,clear sky,-3.3963,37.6736,Challa Hotel
592,Biu,NG,73.26,broken clouds,10.6129,12.1946,Emir's Palace
594,Hambantota,LK,77.5,broken clouds,6.1241,81.1185,Bungalow 63
595,Santo Domingo,DO,78.44,broken clouds,18.5001,-69.9886,Caba√±as City Heart
598,Chabahar,IR,79.7,scattered clouds,25.2919,60.643,Ÿáÿ™ŸÑ ⁄ØÿØÿ±Ÿàÿ¥€åÿß
601,Kinkala,CG,71.26,light rain,-4.3614,14.7644,Hotel la Pepeche Kinkala
602,Banfora,BF,80.62,clear sky,10.6333,-4.7667,Residences David Hebi√©
607,Iguape,BR,71.94,overcast clouds,-24.7081,-47.5553,Hotel Pousada Nossa Senhora do Carmo
609,Qafqafa,JO,65.55,overcast clouds,32.3483,35.9395,ÿßŸÑÿµÿ±ÿ≠ ÿßŸÑŸáÿßÿ¥ŸÖŸä
611,Tignere,CM,68.27,overcast clouds,7.3667,12.65,SADECK
612,Yarada,IN,75.96,clear sky,17.65,83.2667,Yarada Jungle Beach Resorts
614,Nsanje,MW,80.2,broken clouds,-16.92,35.262,Nsanje Discovery Lodge
617,Mamallapuram,IN,78.85,broken clouds,12.6264,80.1722,Radisson Blu Resort Temple Bay Mamallapuram
618,Mulatupo,PA,83.16,overcast clouds,8.9492,-77.7652,Hostal Nuevo Sasard√≠
621,La Romana,DO,84.56,broken clouds,18.4273,-68.9728,Casa de Campo Resort and Villas
623,Zambezi,ZM,71.69,overcast clouds,-13.5432,23.1047,Royal Kutachika Lodge
624,Malindi,KE,76.03,scattered clouds,-3.2175,40.1191,African House Resort
626,Omboue,GA,77.34,light rain,-1.5746,9.2618,Hotel Olako
628,Barcelos,PT,68.68,overcast clouds,41.5388,-8.6151,Hotel Do Ter√ßo
631,Japura,ID,73.42,moderate rain,-0.3167,102.35,Rumah mbah Jamah
632,Ibra,OM,72.99,clear sky,22.6906,58.5334,ŸÖÿ≤ÿ±ÿπÿ© ÿ±ÿßÿ≠ÿ© ÿßŸÑŸÜŸÅŸàÿ≥ ÿßŸÑŸÖŸÜÿ≤ŸÅÿ©
634,Bathsheba,BB,79.41,broken clouds,13.2167,-59.5167,Atlantis Hotel
635,Lujan,AR,92.01,broken clouds,-34.5703,-59.105,Hotel Biarritz
636,Uige,AO,67.5,light rain,-7.6087,15.0613,Hotel Catraio
638,Bulawayo,ZW,67.17,clear sky,-20.15,28.5833,4 On Housman Backpackers
639,Olinda,BR,80.33,scattered clouds,-8.0089,-34.8553,Flat Quatro Rodas Olinda
640,Eirunepe,BR,76.14,heavy intensity rain,-6.6603,-69.8736,Hotel novo Acre & Comercial Aguiar
641,Isla Mujeres,MX,84.25,few clouds,21.2311,-86.731,Hotel La Joya Isla Mujeres
642,Santa Vitoria,BR,86.16,few clouds,-18.8386,-50.1214,Center Hotel
646,Ballina,AU,67.01,clear sky,-28.8667,153.5667,Ramada Hotel & Suites by Wyndham Ballina Byron
647,Mongo,TD,84.4,overcast clouds,12.1844,18.693,R√©sidences du Programme FIDA
650,Los Llanos De Aridane,ES,74.12,clear sky,28.6585,-17.9182,Valle Aridane
653,Joao Pinheiro,BR,85.03,scattered clouds,-17.7425,-46.1725,Hotel Santos
654,Cefalu,IT,70.54,clear sky,38.0386,14.0229,Hotel La Giara
655,Fraga,ES,70.63,overcast clouds,41.5229,0.3489,Hotel Casanova
656,Doha,QA,85.89,clear sky,25.2867,51.5333,M√∂venpick Doha
658,Rio Grande,BR,82.51,clear sky,-32.035,-52.0986,Hotel Atl√¢ntico Rio Grande
659,La Macarena,CO,84.58,broken clouds,2.1837,-73.7849,Casa Hotel Real
661,Salta,AR,90.57,few clouds,-24.7859,-65.4117,Hotel Alejandro I
666,Inirida,CO,81.91,overcast clouds,3.8653,-67.9239,Fuente del Guania Hotel de Lujo
672,Iquitos,PE,75.24,very heavy rain,-3.7481,-73.2472,Cortez Malaga Techy Caroly
673,Tena,EC,69.96,moderate rain,-0.9833,-77.8167,Hostal Tena √ëaui
675,Antalaha,MG,68.2,clear sky,-14.9003,50.2788,Hotel Vitasoa
676,Ramotswa,BW,78.42,light rain,-24.8716,25.8699,Nako Guest House @ Ramotswa
680,Mogadishu,SO,77.23,moderate rain,2.0371,45.3438,Hotel Juba
681,Havelock,US,66.92,overcast clouds,34.8791,-76.9013,Sherwood Motel
682,Puerto Del Rosario,ES,76.75,few clouds,28.5004,-13.8627,Hotel JM Puerto del Rosario
689,Porbandar,IN,79.36,clear sky,21.6422,69.6093,Lords Inn Porbandar
690,Santa Isabel Do Rio Negro,BR,88.97,light rain,-0.4139,-65.0192,Hotel GSA
692,Pimentel,PE,68.29,clear sky,-6.8367,-79.9342,Hotel Puerto del Sol
695,Bodden Town,KY,87.8,scattered clouds,19.2833,-81.25,Will T Place
696,Puerto Concordia,CO,82.22,overcast clouds,2.6221,-72.7572,Hotel El Jard√≠n
697,Ambanja,MG,73.58,light rain,-13.6833,48.45,Hotel Salama and Fast Food
698,Rincon,US,71.91,broken clouds,32.296,-81.2354,Days Inn Rincon
699,Alindao,CF,70.9,light rain,5.0267,21.2088,OCHA Alindao
700,Gweru,ZW,68.79,few clouds,-19.45,29.8167,Suskwe Lodges
701,Carnarvon,AU,66.51,broken clouds,-24.8667,113.6333,Hospitality Carnarvon
702,Vila Do Maio,CV,83.19,overcast clouds,15.1333,-23.2167,Hotel Marilu
705,Candido Mendes,BR,79.5,broken clouds,-1.4467,-45.7167,Quebrada Do Mlk PJL
706,Mattru,SL,74.79,overcast clouds,7.6244,-11.8332,"Mondkor Town, Bagbo Chiefdom, Bo District"
708,Porto Belo,BR,77.79,clear sky,-27.1578,-48.5531,Costa Verde Beach Hotel
711,Moron,AR,91.15,overcast clouds,-34.6534,-58.6198,Hotel Mor√≥n
712,Kita,ML,81.05,few clouds,13.0349,-9.4895,H√¥tel Chat Rouge
